{"cameraMode":{"drawMode":0,"name":"Shaded","section":"Shading Mode"},"sceneLighting":true,"audioPlay":false,"sceneViewState":{"m_AlwaysRefresh":false,"showFog":true,"showSkybox":true,"showFlares":true,"showImageEffects":true,"showParticleSystems":true,"showVisualEffectGraphs":true,"m_FxEnabled":true},"in2DMode":false,"pivot":{"x":0.3204624354839325,"y":-0.3342720866203308,"z":-1.0314759016036988},"rotation":{"x":-0.1467079222202301,"y":0.2398608773946762,"z":-0.036695368587970737,"w":-0.9589581489562988},"size":6.319211483001709,"orthographic":false}