{"cameraMode":{"drawMode":0,"name":"Shaded","section":"Shading Mode"},"sceneLighting":true,"audioPlay":false,"sceneViewState":{"m_AlwaysRefresh":false,"showFog":true,"showSkybox":true,"showFlares":true,"showImageEffects":true,"showParticleSystems":true,"showVisualEffectGraphs":true,"m_FxEnabled":false},"in2DMode":false,"pivot":{"x":-6.724358558654785,"y":-2.264225959777832,"z":17.020816802978517},"rotation":{"x":-0.15832236409187318,"y":0.0108548104763031,"z":-0.0017303661443293095,"w":-0.9873350262641907},"size":63.385318756103519,"orthographic":false}